Uuid,Void/Retire,Name,Description,View privilege,Edit privilege
e4c30030-3001-4fdd-9f6a-111111111111,,Triage Encounter,Encounter for triage assessments,,
e4c30030-3002-4fdd-9f6a-222222222222,,Registration,Patient registration / check-in,,
e4c30030-3003-4fdd-9f6a-333333333333,,Subjective Refraction,Refraction measurements,,
e4c30030-3004-4fdd-9f6a-444444444444,,Consultation,Clinical eye exam and consultation,,
e4c30030-3005-4fdd-9f6a-555555555555,,Visit Note,General therapy / visit notes,,
e4c30030-3006-4fdd-9f6a-666666666666,,Pre-Surgery Evaluation,Pre-surgery assessments,,
e4c30030-3007-4fdd-9f6a-777777777777,,Autorefraction,Autorefraction enconter,,
518f2880-f5fe-4b62-9e31-84e02ad3a0a0,,Surgery,Surgery encounter,,
 e4c30030-3005-4fdd-9f6a-555555555555 ,,Doctor Visit,General therapy and visit notes,,
